Scenario,Date,Sensitivity_type,Target,Percentage_change,Province,UNHCR_observed,FLEE_mean,FLEE_SD,Bias,Absolute_error_percent
baseline_v3,2023-07-03,baseline,baseline,0.0,Ouaddai,138653.0,157045.6,163.0638593380588,18392.600000000006,13.265201618428742
baseline_v3,2023-07-03,baseline,baseline,0.0,Sila,47280.0,20805.9,180.73212221406575,-26474.1,55.994289340101524
baseline_v3,2023-07-03,baseline,baseline,0.0,Wadi_Fira,6540.0,14618.5,104.0963762844584,8078.5,123.52446483180428
baseline_v3,2023-09-06,baseline,baseline,0.0,Ouaddai,319545.0,336326.8,189.1259427530296,16781.79999999999,5.251779874509064
baseline_v3,2023-09-06,baseline,baseline,0.0,Sila,63808.0,44629.7,173.08832042245564,-19178.300000000003,30.056262537612845
baseline_v3,2023-09-06,baseline,baseline,0.0,Wadi_Fira,28983.0,31376.1,92.07659854707926,2393.0999999999985,8.256909222647755
el_geneina_minus20,2023-07-03,population,El_Geneina,-20.0,Ouaddai,138653.0,150124.3,153.6677874145681,11471.299999999988,8.27338752136628
el_geneina_minus20,2023-07-03,population,El_Geneina,-20.0,Sila,47280.0,24871.1,176.84044911853297,-22408.9,47.396150592216586
el_geneina_minus20,2023-07-03,population,El_Geneina,-20.0,Wadi_Fira,6540.0,17474.6,137.69467027529507,10934.599999999999,167.19571865443424
el_geneina_minus20,2023-09-06,population,El_Geneina,-20.0,Ouaddai,319545.0,321425.0,278.9655494461239,1880.0,0.5883365410192618
el_geneina_minus20,2023-09-06,population,El_Geneina,-20.0,Sila,63808.0,53464.7,284.5628421124429,-10343.300000000003,16.210036359077236
el_geneina_minus20,2023-09-06,population,El_Geneina,-20.0,Wadi_Fira,28983.0,37442.8,73.9861848966113,8459.800000000003,29.188834834213168
el_geneina_plus20,2023-07-03,population,El_Geneina,20.0,Ouaddai,138653.0,161955.7,129.61142782263542,23302.70000000001,16.80648813945606
el_geneina_plus20,2023-07-03,population,El_Geneina,20.0,Sila,47280.0,17949.0,138.2075733573719,-29331.0,62.03680203045685
el_geneina_plus20,2023-07-03,population,El_Geneina,20.0,Wadi_Fira,6540.0,12565.3,96.83783695780626,6025.299999999999,92.12996941896023
el_geneina_plus20,2023-09-06,population,El_Geneina,20.0,Ouaddai,319545.0,346915.0,168.7463579853898,27370.0,8.565303791328295
el_geneina_plus20,2023-09-06,population,El_Geneina,20.0,Sila,63808.0,38450.9,158.71459360191875,-25357.1,39.73968781344032
el_geneina_plus20,2023-09-06,population,El_Geneina,20.0,Wadi_Fira,28983.0,26966.5,81.0120018543206,-2016.5,6.957526826070455
foro_baranga_minus20,2023-07-03,population,Foro_Baranga,-20.0,Ouaddai,138653.0,160489.8,142.03661499768293,21836.79999999999,15.749244516887472
foro_baranga_minus20,2023-07-03,population,Foro_Baranga,-20.0,Sila,47280.0,17039.3,161.1321403900124,-30240.7,63.96087140439932
foro_baranga_minus20,2023-07-03,population,Foro_Baranga,-20.0,Wadi_Fira,6540.0,14940.9,109.15478306820397,8400.9,128.45412844036696
foro_baranga_minus20,2023-09-06,population,Foro_Baranga,-20.0,Ouaddai,319545.0,343767.3,193.36496867610512,24222.29999999999,7.580246913580243
foro_baranga_minus20,2023-09-06,population,Foro_Baranga,-20.0,Sila,63808.0,36512.9,189.7486348948114,-27295.1,42.776924523570706
foro_baranga_minus20,2023-09-06,population,Foro_Baranga,-20.0,Wadi_Fira,28983.0,32052.4,92.86334045251655,3069.4000000000015,10.590346064934621
foro_baranga_plus20,2023-07-03,population,Foro_Baranga,20.0,Ouaddai,138653.0,153707.5,165.22392213128353,15054.5,10.857680684875191
foro_baranga_plus20,2023-07-03,population,Foro_Baranga,20.0,Sila,47280.0,24459.0,200.29422801912636,-22821.0,48.26776649746193
foro_baranga_plus20,2023-07-03,population,Foro_Baranga,20.0,Wadi_Fira,6540.0,14303.5,112.20046543773535,7763.5,118.70795107033638
foro_baranga_plus20,2023-09-06,population,Foro_Baranga,20.0,Ouaddai,319545.0,329141.2,241.03794076636336,9596.200000000012,3.003082507940982
foro_baranga_plus20,2023-09-06,population,Foro_Baranga,20.0,Sila,63808.0,52483.8,231.72819326865593,-11324.199999999997,17.747304413239714
foro_baranga_plus20,2023-09-06,population,Foro_Baranga,20.0,Wadi_Fira,28983.0,30707.6,88.66691729287886,1724.5999999999985,5.9503847082772605
kulbus_minus20,2023-07-03,population,Kulbus,-20.0,Ouaddai,138653.0,159434.8,162.1109359529935,20781.79999999999,14.988352217406034
kulbus_minus20,2023-07-03,population,Kulbus,-20.0,Sila,47280.0,21167.1,175.80383638842724,-26112.9,55.23032994923858
kulbus_minus20,2023-07-03,population,Kulbus,-20.0,Wadi_Fira,6540.0,11868.1,94.08323737816188,5328.1,81.46941896024465
kulbus_minus20,2023-09-06,population,Kulbus,-20.0,Ouaddai,319545.0,341497.6,192.22047526502246,21952.599999999977,6.869955718286932
kulbus_minus20,2023-09-06,population,Kulbus,-20.0,Sila,63808.0,45367.8,191.46847724306417,-18440.199999999997,28.899511033099294
kulbus_minus20,2023-09-06,population,Kulbus,-20.0,Wadi_Fira,28983.0,25466.8,82.26488382725105,-3516.2000000000007,12.131939412759206
kulbus_plus20,2023-07-03,population,Kulbus,20.0,Ouaddai,138653.0,154703.1,154.69715935049072,16050.100000000006,11.575732223608581
kulbus_plus20,2023-07-03,population,Kulbus,20.0,Sila,47280.0,20477.9,174.78777607906872,-26802.1,56.68802876480541
kulbus_plus20,2023-07-03,population,Kulbus,20.0,Wadi_Fira,6540.0,17289.0,131.15554802515132,10749.0,164.35779816513764
kulbus_plus20,2023-09-06,population,Kulbus,20.0,Ouaddai,319545.0,331282.4,247.98575227890277,11737.400000000023,3.6731602747656895
kulbus_plus20,2023-09-06,population,Kulbus,20.0,Sila,63808.0,44000.9,240.32360128238201,-19807.1,31.041718906720156
kulbus_plus20,2023-09-06,population,Kulbus,20.0,Wadi_Fira,28983.0,37049.2,84.01957443887044,8066.199999999997,27.83079736397197
routes_minus20,2023-07-03,routes,all_routes,-20.0,Ouaddai,138653.0,157048.1,163.68699805828604,18395.100000000006,13.267004680749789
routes_minus20,2023-07-03,routes,all_routes,-20.0,Sila,47280.0,20806.1,180.53159157210007,-26473.9,55.99386632825719
routes_minus20,2023-07-03,routes,all_routes,-20.0,Wadi_Fira,6540.0,14618.8,104.05425935005684,8078.799999999999,123.52905198776757
routes_minus20,2023-09-06,routes,all_routes,-20.0,Ouaddai,319545.0,336329.2,189.05484213141258,16784.20000000001,5.2525309424337765
routes_minus20,2023-09-06,routes,all_routes,-20.0,Sila,63808.0,44630.0,173.0972751566779,-19178.0,30.055792377131397
routes_minus20,2023-09-06,routes,all_routes,-20.0,Wadi_Fira,28983.0,31376.3,91.76304024799721,2393.2999999999993,8.25759928233792
routes_plus20,2023-07-03,routes,all_routes,20.0,Ouaddai,138653.0,157045.8,163.96463033227624,18392.79999999999,13.265345863414415
routes_plus20,2023-07-03,routes,all_routes,20.0,Sila,47280.0,20805.9,180.6115844691155,-26474.1,55.994289340101524
routes_plus20,2023-07-03,routes,all_routes,20.0,Wadi_Fira,6540.0,14618.6,104.08778346504775,8078.6,123.52599388379207
routes_plus20,2023-09-06,routes,all_routes,20.0,Ouaddai,319545.0,336326.9,189.77849661586473,16781.900000000023,5.251811169005938
routes_plus20,2023-09-06,routes,all_routes,20.0,Sila,63808.0,44629.6,173.27127094049183,-19178.4,30.05641925777332
routes_plus20,2023-09-06,routes,all_routes,20.0,Wadi_Fira,28983.0,31376.5,91.74754008207039,2393.5,8.258289342028085
