MAE,RMSE,MAPE_percent,WAPE_percent,Ouaddai_observed,Ouaddai_simulated,Ouaddai_difference,Sila_observed,Sila_simulated,Sila_difference,Wadi_Fira_observed,Wadi_Fira_simulated,Wadi_Fira_difference,Scenario,Sensitivity_type,Target,Percentage_change,Seed,Date
17810.333333333332,19362.129609110667,64.8770493862847,27.760257282839675,138653.0,157209.0,18556.0,47280.0,20563.0,-26717.0,6540.0,14698.0,8158.0,baseline_v3,baseline,baseline,0.0,1001,2023-07-03
17500.0,19032.031788540076,63.54799333137757,27.27655307497675,138653.0,156927.0,18274.0,47280.0,21029.0,-26251.0,6540.0,14515.0,7975.0,baseline_v3,baseline,baseline,0.0,1002,2023-07-03
17627.666666666668,19164.32492071314,64.19063611539949,27.475542024076105,138653.0,157023.0,18370.0,47280.0,20837.0,-26443.0,6540.0,14610.0,8070.0,baseline_v3,baseline,baseline,0.0,1003,2023-07-03
17692.0,19249.582385080463,64.01499848720611,27.57581582871364,138653.0,157174.0,18521.0,47280.0,20740.0,-26540.0,6540.0,14555.0,8015.0,baseline_v3,baseline,baseline,0.0,1004,2023-07-03
17527.666666666668,19040.50574433358,64.24354378531683,27.319676006504807,138653.0,156832.0,18179.0,47280.0,20986.0,-26294.0,6540.0,14650.0,8110.0,baseline_v3,baseline,baseline,0.0,1005,2023-07-03
17573.333333333332,19068.345077641112,65.00647023573025,27.3908548211957,138653.0,156759.0,18106.0,47280.0,20920.0,-26360.0,6540.0,14794.0,8254.0,baseline_v3,baseline,baseline,0.0,1006,2023-07-03
17756.0,19313.27048085504,64.40153729921238,27.675570079959265,138653.0,157210.0,18557.0,47280.0,20645.0,-26635.0,6540.0,14616.0,8076.0,baseline_v3,baseline,baseline,0.0,1007,2023-07-03
17758.666666666668,19304.66092251644,64.72630811172722,27.679726507094504,138653.0,157147.0,18494.0,47280.0,20640.0,-26640.0,6540.0,14682.0,8142.0,baseline_v3,baseline,baseline,0.0,1008,2023-07-03
17749.333333333332,19300.34187952811,64.53870519106687,27.665179012121182,138653.0,157168.0,18515.0,47280.0,20653.0,-26627.0,6540.0,14646.0,8106.0,baseline_v3,baseline,baseline,0.0,1009,2023-07-03
17489.0,19036.550046336302,63.06594402446037,27.259407813043907,138653.0,157007.0,18354.0,47280.0,21046.0,-26234.0,6540.0,14419.0,7879.0,baseline_v3,baseline,baseline,0.0,1010,2023-07-03
15029.666666666666,15944.484992205507,74.28885602644746,23.426142887573842,138653.0,150288.0,11635.0,47280.0,24734.0,-22546.0,6540.0,17448.0,10908.0,el_geneina_minus20,population,El_Geneina,-20.0,1001,2023-07-03
14857.333333333334,15759.609407173348,74.24334426744016,23.15753378395931,138653.0,149989.0,11336.0,47280.0,24993.0,-22287.0,6540.0,17489.0,10949.0,el_geneina_minus20,population,El_Geneina,-20.0,1002,2023-07-03
14929.0,15836.89457143245,74.06839348449758,23.269237763218737,138653.0,150153.0,11500.0,47280.0,24885.0,-22395.0,6540.0,17432.0,10892.0,el_geneina_minus20,population,El_Geneina,-20.0,1003,2023-07-03
14866.0,15771.619088307536,73.28481311357109,23.17104217214882,138653.0,150201.0,11548.0,47280.0,24979.0,-22301.0,6540.0,17289.0,10749.0,el_geneina_minus20,population,El_Geneina,-20.0,1004,2023-07-03
14861.0,15763.442697160626,74.54548336949684,23.163248871270255,138653.0,149932.0,11279.0,47280.0,24986.0,-22294.0,6540.0,17550.0,11010.0,el_geneina_minus20,population,El_Geneina,-20.0,1005,2023-07-03
14935.333333333334,15841.327995678477,75.45104829070614,23.27910927766492,138653.0,149881.0,11228.0,47280.0,24877.0,-22403.0,6540.0,17715.0,11175.0,el_geneina_minus20,population,El_Geneina,-20.0,1006,2023-07-03
15074.0,15991.094042205701,74.6088855634955,23.495243488697113,138653.0,150302.0,11649.0,47280.0,24668.0,-22612.0,6540.0,17501.0,10961.0,el_geneina_minus20,population,El_Geneina,-20.0,1007,2023-07-03
15021.333333333334,15934.94750540459,74.5298049273248,23.413154052776232,138653.0,150223.0,11570.0,47280.0,24746.0,-22534.0,6540.0,17500.0,10960.0,el_geneina_minus20,population,El_Geneina,-20.0,1008,2023-07-03
15092.666666666666,16010.449400313533,75.04422703033758,23.52433847864376,138653.0,150244.0,11591.0,47280.0,24638.0,-22642.0,6540.0,17585.0,11045.0,el_geneina_minus20,population,El_Geneina,-20.0,1009,2023-07-03
14716.333333333334,15611.614938884446,72.8193331534066,22.937762699183782,138653.0,150030.0,11377.0,47280.0,25205.0,-22075.0,6540.0,17237.0,10697.0,el_geneina_minus20,population,El_Geneina,-20.0,1010,2023-07-03
19671.666666666668,22027.701552060913,57.5464303250142,30.661443423233386,138653.0,162054.0,23401.0,47280.0,17771.0,-29509.0,6540.0,12645.0,6105.0,el_geneina_plus20,population,El_Geneina,20.0,1001,2023-07-03
19416.666666666668,21770.50784892259,56.27641907166018,30.263985078426586,138653.0,161859.0,23206.0,47280.0,18154.0,-29126.0,6540.0,12458.0,5918.0,el_geneina_plus20,population,El_Geneina,20.0,1002,2023-07-03
19559.0,21918.094115745254,56.91072268288414,30.485834376769727,138653.0,161983.0,23330.0,47280.0,17940.0,-29340.0,6540.0,12547.0,6007.0,el_geneina_plus20,population,El_Geneina,20.0,1003,2023-07-03
19616.666666666668,21994.567344384537,56.86161086038357,30.57571711356918,138653.0,162096.0,23443.0,47280.0,17853.0,-29427.0,6540.0,12520.0,5980.0,el_geneina_plus20,population,El_Geneina,20.0,1004,2023-07-03
19451.666666666668,21771.710061453603,57.08435429879452,30.31853818457654,138653.0,161754.0,23101.0,47280.0,18100.0,-29180.0,6540.0,12614.0,6074.0,el_geneina_plus20,population,El_Geneina,20.0,1005,2023-07-03
19512.666666666668,21814.60292250736,57.733045508165446,30.413616455295028,138653.0,161732.0,23079.0,47280.0,18011.0,-29269.0,6540.0,12730.0,6190.0,el_geneina_plus20,population,El_Geneina,20.0,1006,2023-07-03
19516.666666666668,21888.58725454889,56.45708473236203,30.41985109599788,138653.0,162001.0,23348.0,47280.0,18004.0,-29276.0,6540.0,12466.0,5926.0,el_geneina_plus20,population,El_Geneina,20.0,1007,2023-07-03
19656.666666666668,22010.51819774658,57.5108212046549,30.63806352059769,138653.0,162034.0,23381.0,47280.0,17793.0,-29487.0,6540.0,12642.0,6102.0,el_geneina_plus20,population,El_Geneina,20.0,1008,2023-07-03
19650.666666666668,22014.67932993801,57.2939504026964,30.628711559543415,138653.0,162067.0,23414.0,47280.0,17801.0,-29479.0,6540.0,12599.0,6059.0,el_geneina_plus20,population,El_Geneina,20.0,1009,2023-07-03
19477.666666666668,21850.68823477497,56.23642620962842,30.359063349145078,138653.0,161977.0,23324.0,47280.0,18063.0,-29217.0,6540.0,12432.0,5892.0,el_geneina_plus20,population,El_Geneina,20.0,1010,2023-07-03
20296.333333333332,22222.252668590256,69.92261369120249,31.635086479662082,138653.0,160625.0,21972.0,47280.0,16834.0,-30446.0,6540.0,15011.0,8471.0,foro_baranga_minus20,population,Foro_Baranga,-20.0,1001,2023-07-03
20035.333333333332,21949.254550743477,68.71694006014452,31.228276173801,138653.0,160406.0,21753.0,47280.0,17226.0,-30054.0,6540.0,14839.0,8299.0,foro_baranga_minus20,population,Foro_Baranga,-20.0,1002,2023-07-03
20185.0,22102.896348668877,69.47819773951282,31.461555646766037,138653.0,160517.0,21864.0,47280.0,17001.0,-30279.0,6540.0,14952.0,8412.0,foro_baranga_minus20,population,Foro_Baranga,-20.0,1003,2023-07-03
20190.666666666668,22125.76351978239,69.10280808332313,31.470388054428412,138653.0,160604.0,21951.0,47280.0,16992.0,-30288.0,6540.0,14873.0,8333.0,foro_baranga_minus20,population,Foro_Baranga,-20.0,1004,2023-07-03
20027.0,21914.708827634466,69.30316021958537,31.215287339003396,138653.0,160269.0,21616.0,47280.0,17237.0,-30043.0,6540.0,14962.0,8422.0,foro_baranga_minus20,population,Foro_Baranga,-20.0,1005,2023-07-03
20117.333333333332,21987.37874326997,70.24598470894455,31.356086308209463,138653.0,160239.0,21586.0,47280.0,17104.0,-30176.0,6540.0,15130.0,8590.0,foro_baranga_minus20,population,Foro_Baranga,-20.0,1006,2023-07-03
20214.666666666668,22139.862194693083,69.4714726655259,31.507795898645526,138653.0,160572.0,21919.0,47280.0,16957.0,-30323.0,6540.0,14942.0,8402.0,foro_baranga_minus20,population,Foro_Baranga,-20.0,1007,2023-07-03
20246.0,22166.80077653667,69.7591939777958,31.55663391748453,138653.0,160568.0,21915.0,47280.0,16909.0,-30371.0,6540.0,14992.0,8452.0,foro_baranga_minus20,population,Foro_Baranga,-20.0,1008,2023-07-03
20277.333333333332,22205.710301631876,69.76038582273031,31.605471936323536,138653.0,160623.0,21970.0,47280.0,16861.0,-30419.0,6540.0,14983.0,8443.0,foro_baranga_minus20,population,Foro_Baranga,-20.0,1009,2023-07-03
20005.0,21936.83335549292,68.12005757008103,31.180996815137707,138653.0,160475.0,21822.0,47280.0,17272.0,-30008.0,6540.0,14725.0,8185.0,foro_baranga_minus20,population,Foro_Baranga,-20.0,1010,2023-07-03
15441.0,16655.636993722776,60.12320221301497,24.06727177318377,138653.0,153942.0,15289.0,47280.0,24117.0,-23163.0,6540.0,14411.0,7871.0,foro_baranga_plus20,population,Foro_Baranga,20.0,1001,2023-07-03
15028.0,16209.256923128833,58.54170874210934,23.42354512061432,138653.0,153528.0,14875.0,47280.0,24737.0,-22543.0,6540.0,14206.0,7666.0,foro_baranga_plus20,population,Foro_Baranga,20.0,1002,2023-07-03
15153.0,16342.940422906358,59.06887188598685,23.61837764257844,138653.0,153643.0,14990.0,47280.0,24549.0,-22731.0,6540.0,14278.0,7738.0,foro_baranga_plus20,population,Foro_Baranga,20.0,1003,2023-07-03
15224.0,16432.799964299043,58.917257833242985,23.72904251505406,138653.0,153801.0,15148.0,47280.0,24442.0,-22838.0,6540.0,14226.0,7686.0,foro_baranga_plus20,population,Foro_Baranga,20.0,1004,2023-07-03
15091.0,16265.154461813963,59.19509468135467,23.521740711684235,138653.0,153505.0,14852.0,47280.0,24641.0,-22639.0,6540.0,14322.0,7782.0,foro_baranga_plus20,population,Foro_Baranga,20.0,1005,2023-07-03
15192.0,16356.233307213492,60.18218460941276,23.679165389431244,138653.0,153485.0,14832.0,47280.0,24492.0,-22788.0,6540.0,14496.0,7956.0,foro_baranga_plus20,population,Foro_Baranga,20.0,1006,2023-07-03
15342.0,16557.22798860566,59.46293565534712,23.91296441578819,138653.0,153901.0,15248.0,47280.0,24266.0,-23014.0,6540.0,14304.0,7764.0,foro_baranga_plus20,population,Foro_Baranga,20.0,1007,2023-07-03
15300.0,16497.151046973737,59.78749639995703,23.847500688408243,138653.0,153758.0,15105.0,47280.0,24328.0,-22952.0,6540.0,14383.0,7843.0,foro_baranga_plus20,population,Foro_Baranga,20.0,1008,2023-07-03
15298.666666666666,16506.583797584124,59.43155064485614,23.84542247484063,138653.0,153828.0,15175.0,47280.0,24329.0,-22951.0,6540.0,14310.0,7770.0,foro_baranga_plus20,population,Foro_Baranga,20.0,1009,2023-07-03
15060.333333333334,16262.6640191575,58.06769151029653,23.47394179962904,138653.0,153684.0,15031.0,47280.0,24689.0,-22591.0,6540.0,14099.0,7559.0,foro_baranga_plus20,population,Foro_Baranga,20.0,1010,2023-07-03
17553.666666666668,19658.585478105997,51.303565499698145,27.360201171073346,138653.0,159544.0,20891.0,47280.0,20948.0,-26332.0,6540.0,11978.0,5438.0,kulbus_minus20,population,Kulbus,-20.0,1001,2023-07-03
17253.333333333332,19352.787068878046,49.86242364264783,26.892083564967557,138653.0,159303.0,20650.0,47280.0,21399.0,-25881.0,6540.0,11769.0,5229.0,kulbus_minus20,population,Kulbus,-20.0,1002,2023-07-03
17409.0,19525.36354761843,50.350517138780724,27.13471499898687,138653.0,159481.0,20828.0,47280.0,21165.0,-26115.0,6540.0,11824.0,5284.0,kulbus_minus20,population,Kulbus,-20.0,1003,2023-07-03
17466.666666666668,19593.67115507794,50.45195469742249,27.224597735786315,138653.0,159563.0,20910.0,47280.0,21078.0,-26202.0,6540.0,11828.0,5288.0,kulbus_minus20,population,Kulbus,-20.0,1004,2023-07-03
17245.0,19315.720825275974,50.351515169093645,26.879094730169946,138653.0,159186.0,20533.0,47280.0,21410.0,-25870.0,6540.0,11872.0,5332.0,kulbus_minus20,population,Kulbus,-20.0,1005,2023-07-03
17322.666666666668,19370.189054317463,51.179247892507284,27.000150670483652,138653.0,159157.0,20504.0,47280.0,21296.0,-25984.0,6540.0,12020.0,5480.0,kulbus_minus20,population,Kulbus,-20.0,1006,2023-07-03
17402.0,19536.35259373322,49.98583832810799,27.123804377756883,138653.0,159544.0,20891.0,47280.0,21176.0,-26104.0,6540.0,11751.0,5211.0,kulbus_minus20,population,Kulbus,-20.0,1007,2023-07-03
17546.0,19657.03254987046,51.15208886499557,27.348251443059546,138653.0,159561.0,20908.0,47280.0,20959.0,-26321.0,6540.0,11949.0,5409.0,kulbus_minus20,population,Kulbus,-20.0,1008,2023-07-03
17538.0,19656.46429718902,50.97608966373476,27.335782161653842,138653.0,159582.0,20929.0,47280.0,20970.0,-26310.0,6540.0,11915.0,5375.0,kulbus_minus20,population,Kulbus,-20.0,1009,2023-07-03
17339.666666666668,19454.94282523938,50.01376285930912,27.026647893470773,138653.0,159427.0,20774.0,47280.0,21270.0,-26010.0,6540.0,11775.0,5235.0,kulbus_minus20,population,Kulbus,-20.0,1010,2023-07-03
17995.666666666668,19220.20860968996,77.65975917725369,28.049128968738472,138653.0,154909.0,16256.0,47280.0,20285.0,-26995.0,6540.0,17276.0,10736.0,kulbus_plus20,population,Kulbus,20.0,1001,2023-07-03
17776.666666666668,18971.1926702918,77.49950313824708,27.707782390257336,138653.0,154550.0,15897.0,47280.0,20614.0,-26666.0,6540.0,17307.0,10767.0,kulbus_plus20,population,Kulbus,20.0,1002,2023-07-03
17818.333333333332,19023.003434438702,77.29657738800259,27.772726564245374,138653.0,154666.0,16013.0,47280.0,20551.0,-26729.0,6540.0,17253.0,10713.0,kulbus_plus20,population,Kulbus,20.0,1003,2023-07-03
17800.666666666668,19014.117684850204,76.71326621067091,27.74519023447445,138653.0,154754.0,16101.0,47280.0,20577.0,-26703.0,6540.0,17138.0,10598.0,kulbus_plus20,population,Kulbus,20.0,1004,2023-07-03
17759.666666666668,18948.581239765685,77.6849182010574,27.681285167270214,138653.0,154480.0,15827.0,47280.0,20638.0,-26642.0,6540.0,17350.0,10810.0,kulbus_plus20,population,Kulbus,20.0,1005,2023-07-03
17880.0,19068.194478415273,78.67514338431748,27.868843941747674,138653.0,154494.0,15841.0,47280.0,20460.0,-26820.0,6540.0,17519.0,10979.0,kulbus_plus20,population,Kulbus,20.0,1006,2023-07-03
17966.0,19184.656751338207,77.72429681960656,28.002888716858987,138653.0,154843.0,16190.0,47280.0,20330.0,-26950.0,6540.0,17298.0,10758.0,kulbus_plus20,population,Kulbus,20.0,1007,2023-07-03
17967.333333333332,19184.180931173476,77.838350215082,28.004966930426605,138653.0,154821.0,16168.0,47280.0,20327.0,-26953.0,6540.0,17321.0,10781.0,kulbus_plus20,population,Kulbus,20.0,1008,2023-07-03
18024.0,19241.7097126702,78.24941356294842,28.093291007050343,138653.0,154837.0,16184.0,47280.0,20241.0,-27039.0,6540.0,17389.0,10849.0,kulbus_plus20,population,Kulbus,20.0,1009,2023-07-03
17682.333333333332,18890.210454095,76.06396908131926,27.560748780348415,138653.0,154677.0,16024.0,47280.0,20756.0,-26524.0,6540.0,17039.0,10499.0,kulbus_plus20,population,Kulbus,20.0,1010,2023-07-03
17811.333333333332,19363.08802851446,64.87777061121312,27.76181594301538,138653.0,157212.0,18559.0,47280.0,20563.0,-26717.0,6540.0,14698.0,8158.0,routes_minus20,routes,all_routes,-20.0,1001,2023-07-03
17500.666666666668,19032.671926628343,63.54847414799652,27.277592181760557,138653.0,156929.0,18276.0,47280.0,21029.0,-26251.0,6540.0,14515.0,7975.0,routes_minus20,routes,all_routes,-20.0,1002,2023-07-03
17628.666666666668,19165.10434792012,64.19621377197767,27.477100684251816,138653.0,157025.0,18372.0,47280.0,20837.0,-26443.0,6540.0,14611.0,8071.0,routes_minus20,routes,all_routes,-20.0,1003,2023-07-03
17693.333333333332,19250.683381809245,64.02081655209376,27.577894042281255,138653.0,157177.0,18524.0,47280.0,20740.0,-26540.0,6540.0,14556.0,8016.0,routes_minus20,routes,all_routes,-20.0,1004,2023-07-03
17529.333333333332,19041.92082397852,64.24960225851396,27.322273773464328,138653.0,156836.0,18183.0,47280.0,20986.0,-26294.0,6540.0,14651.0,8111.0,routes_minus20,routes,all_routes,-20.0,1005,2023-07-03
17573.333333333332,19068.345077641112,65.00647023573025,27.3908548211957,138653.0,156759.0,18106.0,47280.0,20920.0,-26360.0,6540.0,14794.0,8254.0,routes_minus20,routes,all_routes,-20.0,1006,2023-07-03
17756.0,19313.13107706775,64.40107268778131,27.675570079959265,138653.0,157211.0,18558.0,47280.0,20646.0,-26634.0,6540.0,14616.0,8076.0,routes_minus20,routes,all_routes,-20.0,1007,2023-07-03
17759.333333333332,19305.159016870766,64.72632431691508,27.68076561387831,138653.0,157150.0,18497.0,47280.0,20641.0,-26639.0,6540.0,14682.0,8142.0,routes_minus20,routes,all_routes,-20.0,1008,2023-07-03
17751.333333333332,19302.26071388185,64.5401476409237,27.668296332472607,138653.0,157174.0,18521.0,47280.0,20653.0,-26627.0,6540.0,14646.0,8106.0,routes_minus20,routes,all_routes,-20.0,1009,2023-07-03
17489.333333333332,19036.87143414064,63.066184432769845,27.25992736643581,138653.0,157008.0,18355.0,47280.0,21046.0,-26234.0,6540.0,14419.0,7879.0,routes_minus20,routes,all_routes,-20.0,1010,2023-07-03
17811.0,19362.909018705497,64.87799481433473,27.76129638962348,138653.0,157210.0,18557.0,47280.0,20562.0,-26718.0,6540.0,14698.0,8158.0,routes_plus20,routes,all_routes,20.0,1001,2023-07-03
17499.333333333332,19031.39169897987,63.54751251475863,27.275513968192943,138653.0,156925.0,18272.0,47280.0,21029.0,-26251.0,6540.0,14515.0,7975.0,routes_plus20,routes,all_routes,20.0,1002,2023-07-03
17628.666666666668,19165.10434792012,64.19621377197767,27.477100684251816,138653.0,157025.0,18372.0,47280.0,20837.0,-26443.0,6540.0,14611.0,8071.0,routes_plus20,routes,all_routes,20.0,1003,2023-07-03
17691.666666666668,19249.261674152596,64.01475807889663,27.57529627532173,138653.0,157173.0,18520.0,47280.0,20740.0,-26540.0,6540.0,14555.0,8015.0,routes_plus20,routes,all_routes,20.0,1004,2023-07-03
17527.666666666668,19040.50574433358,64.24354378531683,27.319676006504807,138653.0,156832.0,18179.0,47280.0,20986.0,-26294.0,6540.0,14650.0,8110.0,routes_plus20,routes,all_routes,20.0,1005,2023-07-03
17573.0,19068.17289796447,65.00669443885185,27.390335267803795,138653.0,156757.0,18104.0,47280.0,20919.0,-26361.0,6540.0,14794.0,8254.0,routes_plus20,routes,all_routes,20.0,1006,2023-07-03
17755.0,19312.170230194224,64.4003514628529,27.674011419783557,138653.0,157208.0,18555.0,47280.0,20646.0,-26634.0,6540.0,14616.0,8076.0,routes_plus20,routes,all_routes,20.0,1007,2023-07-03
17759.333333333332,19305.159016870766,64.72632431691508,27.68076561387831,138653.0,157150.0,18497.0,47280.0,20641.0,-26639.0,6540.0,14682.0,8142.0,routes_plus20,routes,all_routes,20.0,1008,2023-07-03
17750.666666666668,19301.62105454703,64.53966682430476,27.667257225688797,138653.0,157172.0,18519.0,47280.0,20653.0,-26627.0,6540.0,14646.0,8106.0,routes_plus20,routes,all_routes,20.0,1009,2023-07-03
17488.666666666668,19036.228670616456,63.065703616150905,27.258888259652004,138653.0,157006.0,18353.0,47280.0,21046.0,-26234.0,6540.0,14419.0,7879.0,routes_plus20,routes,all_routes,20.0,1010,2023-07-03
12863.666666666666,14838.557039011577,14.71206090406646,9.359114896589189,319545.0,336335.0,16790.0,63808.0,44511.0,-19297.0,28983.0,31487.0,2504.0,baseline_v3,baseline,baseline,0.0,1001,2023-09-06
12646.333333333334,14650.084698276207,14.263038071475073,9.200991424469365,319545.0,336243.0,16698.0,63808.0,44837.0,-18971.0,28983.0,31253.0,2270.0,baseline_v3,baseline,baseline,0.0,1002,2023-09-06
12880.666666666666,14859.313443090161,14.728669278258808,9.371483450389974,319545.0,336359.0,16814.0,63808.0,44484.0,-19324.0,28983.0,31487.0,2504.0,baseline_v3,baseline,baseline,0.0,1003,2023-09-06
12773.0,14725.489793778224,14.636657738729062,9.293149276318342,319545.0,336189.0,16644.0,63808.0,44646.0,-19162.0,28983.0,31496.0,2513.0,baseline_v3,baseline,baseline,0.0,1004,2023-09-06
12582.666666666666,14515.450044693758,14.387035767069554,9.154669977882115,319545.0,335972.0,16427.0,63808.0,44933.0,-18875.0,28983.0,31429.0,2446.0,baseline_v3,baseline,baseline,0.0,1005,2023-09-06
12802.666666666666,14812.856375459798,14.497639716694351,9.314733615304025,319545.0,336394.0,16849.0,63808.0,44603.0,-19205.0,28983.0,31337.0,2354.0,baseline_v3,baseline,baseline,0.0,1006,2023-09-06
12914.0,14970.395474624798,14.532651733725787,9.39573551666602,319545.0,336627.0,17082.0,63808.0,44435.0,-19373.0,28983.0,31270.0,2287.0,baseline_v3,baseline,baseline,0.0,1007,2023-09-06
12826.0,14833.431655104852,14.544673587908683,9.331710061697256,319545.0,336405.0,16860.0,63808.0,44568.0,-19240.0,28983.0,31361.0,2378.0,baseline_v3,baseline,baseline,0.0,1008,2023-09-06
12890.0,14927.653488297035,14.552549053555671,9.378274028947265,319545.0,336551.0,17006.0,63808.0,44472.0,-19336.0,28983.0,31311.0,2328.0,baseline_v3,baseline,baseline,0.0,1009,2023-09-06
12665.0,14647.68824763826,14.361529597748767,9.214572581583951,319545.0,336193.0,16648.0,63808.0,44808.0,-19000.0,28983.0,31330.0,2347.0,baseline_v3,baseline,baseline,0.0,1010,2023-09-06
6978.333333333333,7872.136241199081,15.465626847764135,5.077170074890381,319545.0,321496.0,1951.0,63808.0,53339.0,-10469.0,28983.0,37498.0,8515.0,el_geneina_minus20,population,El_Geneina,-20.0,1001,2023-09-06
6823.0,7725.53473877375,15.227573095082628,4.964155446044003,319545.0,321351.0,1806.0,63808.0,53572.0,-10236.0,28983.0,37410.0,8427.0,el_geneina_minus20,population,El_Geneina,-20.0,1002,2023-09-06
7048.666666666667,7946.518273222976,15.601394240523081,5.128341934732839,319545.0,321534.0,1989.0,63808.0,53232.0,-10576.0,28983.0,37564.0,8581.0,el_geneina_minus20,population,El_Geneina,-20.0,1003,2023-09-06
6842.333333333333,7770.920516043557,15.354927518220505,4.97822164448411,319545.0,321275.0,1730.0,63808.0,53542.0,-10266.0,28983.0,37514.0,8531.0,el_geneina_minus20,population,El_Geneina,-20.0,1004,2023-09-06
6530.0,7525.841791232836,15.030356416355437,4.750979783477552,319545.0,320837.0,1292.0,63808.0,54012.0,-9796.0,28983.0,37485.0,8502.0,el_geneina_minus20,population,El_Geneina,-20.0,1005,2023-09-06
7005.0,7878.986800344318,15.436314675052088,5.0965717279112175,319545.0,321588.0,2043.0,63808.0,53299.0,-10509.0,28983.0,37446.0,8463.0,el_geneina_minus20,population,El_Geneina,-20.0,1006,2023-09-06
7136.0,7975.393323634055,15.523070861093016,5.191882348376082,319545.0,321819.0,2274.0,63808.0,53102.0,-10706.0,28983.0,37411.0,8428.0,el_geneina_minus20,population,El_Geneina,-20.0,1007,2023-09-06
6986.666666666667,7845.815062821708,15.347757609759896,5.083233091459392,319545.0,321629.0,2084.0,63808.0,53327.0,-10481.0,28983.0,37378.0,8395.0,el_geneina_minus20,population,El_Geneina,-20.0,1008,2023-09-06
6961.333333333333,7834.530447533747,15.35845330813371,5.0648015210895965,319545.0,321558.0,2013.0,63808.0,53365.0,-10443.0,28983.0,37411.0,8428.0,el_geneina_minus20,population,El_Geneina,-20.0,1009,2023-09-06
6632.333333333333,7549.744123699381,14.945217875714354,4.825433626945016,319545.0,321163.0,1618.0,63808.0,53857.0,-9951.0,28983.0,37311.0,8328.0,el_geneina_minus20,population,El_Geneina,-20.0,1010,2023-09-06
18172.333333333332,21510.02788623638,18.298549718042715,13.22149897171239,319545.0,346802.0,27257.0,63808.0,38483.0,-25325.0,28983.0,27048.0,-1935.0,el_geneina_plus20,population,El_Geneina,20.0,1001,2023-09-06
18140.333333333332,21392.510924776143,18.40530574367709,13.198216988087385,319545.0,346754.0,27209.0,63808.0,38749.0,-25059.0,28983.0,26830.0,-2153.0,el_geneina_plus20,population,El_Geneina,20.0,1002,2023-09-06
18340.0,21712.38090736865,18.461189693408343,13.343486865080905,319545.0,347052.0,27507.0,63808.0,38237.0,-25571.0,28983.0,27041.0,-1942.0,el_geneina_plus20,population,El_Geneina,20.0,1003,2023-09-06
18171.0,21506.918553494983,18.300225168333817,13.220528889061347,319545.0,346799.0,27254.0,63808.0,38488.0,-25320.0,28983.0,27044.0,-1939.0,el_geneina_plus20,population,El_Geneina,20.0,1004,2023-09-06
18066.0,21376.818254049565,18.204028839653372,13.1441348802918,319545.0,346643.0,27098.0,63808.0,38652.0,-25156.0,28983.0,27039.0,-1944.0,el_geneina_plus20,population,El_Geneina,20.0,1005,2023-09-06
18300.666666666668,21633.990632027802,18.47610401806124,13.31486942687517,319545.0,346995.0,27450.0,63808.0,38382.0,-25426.0,28983.0,26957.0,-2026.0,el_geneina_plus20,population,El_Geneina,20.0,1006,2023-09-06
18402.0,21717.537721083085,18.64208514557841,13.38859570835435,319545.0,347146.0,27601.0,63808.0,38341.0,-25467.0,28983.0,26845.0,-2138.0,el_geneina_plus20,population,El_Geneina,20.0,1007,2023-09-06
18244.666666666668,21571.655059359724,18.413207117422925,13.27412595553141,319545.0,346910.0,27365.0,63808.0,38448.0,-25360.0,28983.0,26974.0,-2009.0,el_geneina_plus20,population,El_Geneina,20.0,1008,2023-09-06
18398.666666666668,21740.78059009535,18.590828362311903,13.386170501726745,319545.0,347142.0,27597.0,63808.0,38271.0,-25537.0,28983.0,26921.0,-2062.0,el_geneina_plus20,population,El_Geneina,20.0,1009,2023-09-06
18243.0,21566.716895871443,18.41687096297376,13.272913352217607,319545.0,346907.0,27362.0,63808.0,38458.0,-25350.0,28983.0,26966.0,-2017.0,el_geneina_plus20,population,El_Geneina,20.0,1010,2023-09-06
18211.666666666668,21128.150786726856,20.441294236965803,13.250116409918125,319545.0,343686.0,24141.0,63808.0,36489.0,-27319.0,28983.0,32158.0,3175.0,foro_baranga_minus20,population,Foro_Baranga,-20.0,1001,2023-09-06
18064.333333333332,21023.34211457985,20.068534379385504,13.142922276977998,319545.0,343689.0,24144.0,63808.0,36710.0,-27098.0,28983.0,31934.0,2951.0,foro_baranga_minus20,population,Foro_Baranga,-20.0,1002,2023-09-06
18420.0,21369.366345308415,20.677509777458468,13.401691824143416,319545.0,343959.0,24414.0,63808.0,36175.0,-27633.0,28983.0,32196.0,3213.0,foro_baranga_minus20,population,Foro_Baranga,-20.0,1003,2023-09-06
18131.0,21027.985566858275,20.372154451013426,13.191426409530091,319545.0,343558.0,24013.0,63808.0,36609.0,-27199.0,28983.0,32164.0,3181.0,foro_baranga_minus20,population,Foro_Baranga,-20.0,1004,2023-09-06
18002.0,20892.97773575291,20.18019030760613,13.097570913041793,319545.0,343433.0,23888.0,63808.0,36804.0,-27004.0,28983.0,32097.0,3114.0,foro_baranga_minus20,population,Foro_Baranga,-20.0,1005,2023-09-06
18217.333333333332,21186.618056373856,20.284315679571442,13.254239261185052,319545.0,343850.0,24305.0,63808.0,36481.0,-27327.0,28983.0,32003.0,3020.0,foro_baranga_minus20,population,Foro_Baranga,-20.0,1006,2023-09-06
18285.333333333332,21279.591913380293,20.31728521379197,13.303713476388188,319545.0,343981.0,24436.0,63808.0,36378.0,-27430.0,28983.0,31973.0,2990.0,foro_baranga_minus20,population,Foro_Baranga,-20.0,1007,2023-09-06
18176.666666666668,21134.38932167192,20.25445230853063,13.224651740328275,319545.0,343781.0,24236.0,63808.0,36542.0,-27266.0,28983.0,32011.0,3028.0,foro_baranga_minus20,population,Foro_Baranga,-20.0,1008,2023-09-06
18332.666666666668,21332.526432656774,20.376004913401573,13.338151410500174,319545.0,344039.0,24494.0,63808.0,36308.0,-27500.0,28983.0,31987.0,3004.0,foro_baranga_minus20,population,Foro_Baranga,-20.0,1009,2023-09-06
18115.0,21062.668816336325,20.186650405893637,13.179785417717591,319545.0,343697.0,24152.0,63808.0,36633.0,-27175.0,28983.0,32001.0,3018.0,foro_baranga_minus20,population,Foro_Baranga,-20.0,1010,2023-09-06
7740.333333333333,8818.722450937363,9.22435845324489,5.631572309960808,319545.0,329292.0,9747.0,63808.0,52196.0,-11612.0,28983.0,30845.0,1862.0,foro_baranga_plus20,population,Foro_Baranga,20.0,1001,2023-09-06
7419.666666666667,8509.329997126682,8.649958533019316,5.398267432385239,319545.0,329072.0,9527.0,63808.0,52677.0,-11131.0,28983.0,30584.0,1601.0,foro_baranga_plus20,population,Foro_Baranga,20.0,1002,2023-09-06
7560.0,8617.437708893907,8.995849316029403,5.500368631407396,319545.0,329077.0,9532.0,63808.0,52465.0,-11343.0,28983.0,30788.0,1805.0,foro_baranga_plus20,population,Foro_Baranga,20.0,1003,2023-09-06
7527.0,8574.752105260342,8.974029915241484,5.476359085794109,319545.0,329019.0,9474.0,63808.0,52515.0,-11293.0,28983.0,30797.0,1814.0,foro_baranga_plus20,population,Foro_Baranga,20.0,1004,2023-09-06
7267.333333333333,8273.318640867963,8.68328257239944,5.2874354895037055,319545.0,328675.0,9130.0,63808.0,52906.0,-10902.0,28983.0,30753.0,1770.0,foro_baranga_plus20,population,Foro_Baranga,20.0,1005,2023-09-06
7598.0,8684.15607106797,8.958576799743662,5.528015986962089,319545.0,329205.0,9660.0,63808.0,52410.0,-11398.0,28983.0,30719.0,1736.0,foro_baranga_plus20,population,Foro_Baranga,20.0,1006,2023-09-06
7728.666666666667,8881.750690789138,8.950062281835326,5.623084086764192,319545.0,329526.0,9981.0,63808.0,52213.0,-11595.0,28983.0,30593.0,1610.0,foro_baranga_plus20,population,Foro_Baranga,20.0,1007,2023-09-06
7625.333333333333,8724.013716938627,8.961264877377983,5.5479026813084475,319545.0,329268.0,9723.0,63808.0,52369.0,-11439.0,28983.0,30697.0,1714.0,foro_baranga_plus20,population,Foro_Baranga,20.0,1008,2023-09-06
7646.0,8765.40681695189,8.925266480451546,5.562938962399596,319545.0,329352.0,9807.0,63808.0,52338.0,-11470.0,28983.0,30644.0,1661.0,foro_baranga_plus20,population,Foro_Baranga,20.0,1009,2023-09-06
7371.0,8428.1981269229,8.679922868850161,5.362859415622212,319545.0,328926.0,9381.0,63808.0,52749.0,-11059.0,28983.0,30656.0,1673.0,foro_baranga_plus20,population,Foro_Baranga,20.0,1010,2023-09-06
14549.666666666666,16601.91228945228,15.821972002042731,10.585784408831632,319545.0,341368.0,21823.0,63808.0,45397.0,-18411.0,28983.0,25568.0,-3415.0,kulbus_minus20,population,Kulbus,-20.0,1001,2023-09-06
14582.333333333334,16571.930696210384,15.999562616730397,10.609551433782158,319545.0,341417.0,21872.0,63808.0,45582.0,-18226.0,28983.0,25334.0,-3649.0,kulbus_minus20,population,Kulbus,-20.0,1002,2023-09-06
14746.666666666666,16826.368730854163,16.037295418432187,10.729114120523068,319545.0,341662.0,22117.0,63808.0,45147.0,-18661.0,28983.0,25521.0,-3462.0,kulbus_minus20,population,Kulbus,-20.0,1003,2023-09-06
14523.666666666666,16560.728436072288,15.818034548490731,10.566867797136316,319545.0,341328.0,21783.0,63808.0,45467.0,-18341.0,28983.0,25536.0,-3447.0,kulbus_minus20,population,Kulbus,-20.0,1004,2023-09-06
14399.333333333334,16383.415130348536,15.757435965782454,10.476407589926662,319545.0,341142.0,21597.0,63808.0,45744.0,-18064.0,28983.0,25446.0,-3537.0,kulbus_minus20,population,Kulbus,-20.0,1005,2023-09-06
14698.666666666666,16738.748200905982,16.053477925496846,10.694191145085561,319545.0,341592.0,22047.0,63808.0,45320.0,-18488.0,28983.0,25422.0,-3561.0,kulbus_minus20,population,Kulbus,-20.0,1006,2023-09-06
14781.333333333334,16814.166011630394,16.18370774881721,10.754336269450157,319545.0,341715.0,22170.0,63808.0,45278.0,-18530.0,28983.0,25339.0,-3644.0,kulbus_minus20,population,Kulbus,-20.0,1007,2023-09-06
14689.333333333334,16744.672008333477,16.008715454676818,10.687400566528268,319545.0,341577.0,22032.0,63808.0,45275.0,-18533.0,28983.0,25480.0,-3503.0,kulbus_minus20,population,Kulbus,-20.0,1008,2023-09-06
14799.333333333334,16876.79375157892,16.114216226465388,10.767432385239223,319545.0,341743.0,22198.0,63808.0,45115.0,-18693.0,28983.0,25476.0,-3507.0,kulbus_minus20,population,Kulbus,-20.0,1009,2023-09-06
14593.0,16647.730205646654,15.87693597355004,10.617312094990492,319545.0,341432.0,21887.0,63808.0,45353.0,-18455.0,28983.0,25546.0,-3437.0,kulbus_minus20,population,Kulbus,-20.0,1010,2023-09-06
13321.666666666666,14211.275441235619,21.02933538646473,9.692338287222071,319545.0,331393.0,11848.0,63808.0,43824.0,-19984.0,28983.0,37116.0,8133.0,kulbus_plus20,population,Kulbus,20.0,1001,2023-09-06
13145.666666666666,14020.466670787626,20.78858600442933,9.564287377284545,319545.0,331201.0,11656.0,63808.0,44088.0,-19720.0,28983.0,37044.0,8061.0,kulbus_plus20,population,Kulbus,20.0,1002,2023-09-06
13300.666666666666,14183.864024540939,21.061464415970764,9.677059485468162,319545.0,331311.0,11766.0,63808.0,43854.0,-19954.0,28983.0,37165.0,8182.0,kulbus_plus20,population,Kulbus,20.0,1003,2023-09-06
13140.333333333334,14006.075384156215,20.892751953161422,9.560407046680378,319545.0,331088.0,11543.0,63808.0,44095.0,-19713.0,28983.0,37148.0,8165.0,kulbus_plus20,population,Kulbus,20.0,1004,2023-09-06
12906.0,13748.398330957198,20.62163666227339,9.38991502075977,319545.0,330786.0,11241.0,63808.0,44448.0,-19360.0,28983.0,37100.0,8117.0,kulbus_plus20,population,Kulbus,20.0,1005,2023-09-06
13239.0,14124.624938973306,20.88050931583286,9.632193162857476,319545.0,331337.0,11792.0,63808.0,43948.0,-19860.0,28983.0,37048.0,8065.0,kulbus_plus20,population,Kulbus,20.0,1006,2023-09-06
13396.0,14305.800222287462,20.972883286435398,9.746420395017656,319545.0,331625.0,12080.0,63808.0,43712.0,-20096.0,28983.0,36995.0,8012.0,kulbus_plus20,population,Kulbus,20.0,1007,2023-09-06
13292.0,14188.745422575834,20.874697579071032,9.67075394823639,319545.0,331470.0,11925.0,63808.0,43869.0,-19939.0,28983.0,36995.0,8012.0,kulbus_plus20,population,Kulbus,20.0,1008,2023-09-06
13319.333333333334,14220.465651072518,20.888889286140046,9.690640642582748,319545.0,331522.0,11977.0,63808.0,43828.0,-19980.0,28983.0,36984.0,8001.0,kulbus_plus20,population,Kulbus,20.0,1009,2023-09-06
12975.0,13842.299146697656,20.474834595080452,9.440116797951186,319545.0,331091.0,11546.0,63808.0,44343.0,-19465.0,28983.0,36897.0,7914.0,kulbus_plus20,population,Kulbus,20.0,1010,2023-09-06
12864.333333333334,14839.63237415267,14.71122374955148,9.35959993791471,319545.0,336338.0,16793.0,63808.0,44511.0,-19297.0,28983.0,31486.0,2503.0,routes_minus20,routes,all_routes,-20.0,1001,2023-09-06
12647.0,14650.844583163116,14.263246701454158,9.201476465794887,319545.0,336245.0,16700.0,63808.0,44837.0,-18971.0,28983.0,31253.0,2270.0,routes_minus20,routes,all_routes,-20.0,1002,2023-09-06
12881.0,14859.578156865693,14.727937422157558,9.371725971052735,319545.0,336362.0,16817.0,63808.0,44486.0,-19322.0,28983.0,31487.0,2504.0,routes_minus20,routes,all_routes,-20.0,1003,2023-09-06
12774.666666666666,14727.373764524345,14.637179313676777,9.294361879632145,319545.0,336194.0,16649.0,63808.0,44646.0,-19162.0,28983.0,31496.0,2513.0,routes_minus20,routes,all_routes,-20.0,1004,2023-09-06
12582.666666666666,14515.393851586206,14.386617681524156,9.154669977882115,319545.0,335973.0,16428.0,63808.0,44934.0,-18874.0,28983.0,31429.0,2446.0,routes_minus20,routes,all_routes,-20.0,1005,2023-09-06
12803.333333333334,14813.28851628384,14.498894131167498,9.315218656629545,319545.0,336395.0,16850.0,63808.0,44603.0,-19205.0,28983.0,31338.0,2355.0,routes_minus20,routes,all_routes,-20.0,1006,2023-09-06
12915.333333333334,14971.91697812942,14.533068993683957,9.396705599317063,319545.0,336631.0,17086.0,63808.0,44435.0,-19373.0,28983.0,31270.0,2287.0,routes_minus20,routes,all_routes,-20.0,1007,2023-09-06
12826.0,14833.431655104852,14.544673587908683,9.331710061697256,319545.0,336405.0,16860.0,63808.0,44568.0,-19240.0,28983.0,31361.0,2378.0,routes_minus20,routes,all_routes,-20.0,1008,2023-09-06
12890.666666666666,14928.085231089306,14.553803468028818,9.378759070272787,319545.0,336552.0,17007.0,63808.0,44472.0,-19336.0,28983.0,31312.0,2329.0,routes_minus20,routes,all_routes,-20.0,1009,2023-09-06
12666.666666666666,14649.257182533182,14.36309695719054,9.215785184897753,319545.0,336197.0,16652.0,63808.0,44808.0,-19000.0,28983.0,31331.0,2348.0,routes_minus20,routes,all_routes,-20.0,1010,2023-09-06
12864.333333333334,14839.311405857079,14.712269534045545,9.35959993791471,319545.0,336337.0,16792.0,63808.0,44511.0,-19297.0,28983.0,31487.0,2504.0,routes_plus20,routes,all_routes,20.0,1001,2023-09-06
12646.666666666666,14650.188098906217,14.264606256504072,9.201233945132126,319545.0,336242.0,16697.0,63808.0,44836.0,-18972.0,28983.0,31254.0,2271.0,routes_plus20,routes,all_routes,20.0,1002,2023-09-06
12880.333333333334,14858.823697273841,14.727728792178475,9.371240929727213,319545.0,336360.0,16815.0,63808.0,44486.0,-19322.0,28983.0,31487.0,2504.0,routes_plus20,routes,all_routes,20.0,1003,2023-09-06
12773.666666666666,14726.243343093309,14.636866368708148,9.293634317643864,319545.0,336191.0,16646.0,63808.0,44646.0,-19162.0,28983.0,31496.0,2513.0,routes_plus20,routes,all_routes,20.0,1004,2023-09-06
12581.333333333334,14513.884938223811,14.386200421565986,9.153699895231075,319545.0,335969.0,16424.0,63808.0,44934.0,-18874.0,28983.0,31429.0,2446.0,routes_plus20,routes,all_routes,20.0,1005,2023-09-06
12802.333333333334,14812.151081685153,14.498581186198875,9.314491094641264,319545.0,336392.0,16847.0,63808.0,44603.0,-19205.0,28983.0,31338.0,2355.0,routes_plus20,routes,all_routes,20.0,1006,2023-09-06
12914.666666666666,14971.156201175647,14.532860363704872,9.39622055799154,319545.0,336629.0,17084.0,63808.0,44435.0,-19373.0,28983.0,31270.0,2287.0,routes_plus20,routes,all_routes,20.0,1007,2023-09-06
12826.666666666666,14834.189428479063,14.544882217887768,9.332195103022778,319545.0,336407.0,16862.0,63808.0,44568.0,-19240.0,28983.0,31361.0,2378.0,routes_plus20,routes,all_routes,20.0,1008,2023-09-06
12890.666666666666,14928.241445885937,14.555057724665007,9.378759070272787,319545.0,336549.0,17004.0,63808.0,44469.0,-19339.0,28983.0,31312.0,2329.0,routes_plus20,routes,all_routes,20.0,1009,2023-09-06
12665.333333333334,14647.74166893996,14.362679697232373,9.21481510224671,319545.0,336193.0,16648.0,63808.0,44808.0,-19000.0,28983.0,31331.0,2348.0,routes_plus20,routes,all_routes,20.0,1010,2023-09-06
