Seed,Date,Ouaddai_observed,Ouaddai_simulated,Ouaddai_difference,Ouaddai_percentage_error,Sila_observed,Sila_simulated,Sila_difference,Sila_percentage_error,Wadi_Fira_observed,Wadi_Fira_simulated,Wadi_Fira_difference,Wadi_Fira_percentage_error,MAE,RMSE,MAPE_percent,WAPE_percent
1001,2023-07-03,138653.0,157209.0,18556.0,13.383049771732312,47280.0,20563.0,-26717.0,56.508037225042294,6540.0,14698.0,8158.0,124.74006116207951,17810.333333333332,19362.129609110667,64.8770493862847,27.760257282839675
1002,2023-07-03,138653.0,156927.0,18274.0,13.179664341918315,47280.0,21029.0,-26251.0,55.52241962774958,6540.0,14515.0,7975.0,121.94189602446484,17500.0,19032.031788540076,63.54799333137757,27.27655307497675
1003,2023-07-03,138653.0,157023.0,18370.0,13.248901935046483,47280.0,20837.0,-26443.0,55.92851099830796,6540.0,14610.0,8070.0,123.39449541284404,17627.666666666668,19164.32492071314,64.19063611539949,27.475542024076105
1004,2023-07-03,138653.0,157174.0,18521.0,13.357806899237664,47280.0,20740.0,-26540.0,56.1336717428088,6540.0,14555.0,8015.0,122.55351681957187,17692.0,19249.582385080463,64.01499848720611,27.57581582871364
1005,2023-07-03,138653.0,156832.0,18179.0,13.111147973718564,47280.0,20986.0,-26294.0,55.61336717428088,6540.0,14650.0,8110.0,124.00611620795108,17527.666666666668,19040.50574433358,64.24354378531683,27.319676006504807
1006,2023-07-03,138653.0,156759.0,18106.0,13.058498553944018,47280.0,20920.0,-26360.0,55.752961082910325,6540.0,14794.0,8254.0,126.2079510703364,17573.333333333332,19068.345077641112,65.00647023573025,27.3908548211957
1007,2023-07-03,138653.0,157210.0,18557.0,13.38377099666073,47280.0,20645.0,-26635.0,56.33460236886633,6540.0,14616.0,8076.0,123.4862385321101,17756.0,19313.27048085504,64.40153729921238,27.675570079959265
1008,2023-07-03,138653.0,157147.0,18494.0,13.338333826170368,47280.0,20640.0,-26640.0,56.34517766497462,6540.0,14682.0,8142.0,124.4954128440367,17758.666666666668,19304.66092251644,64.72630811172722,27.679726507094504
1009,2023-07-03,138653.0,157168.0,18515.0,13.353479549667155,47280.0,20653.0,-26627.0,56.31768189509307,6540.0,14646.0,8106.0,123.94495412844037,17749.333333333332,19300.34187952811,64.53870519106687,27.665179012121182
1010,2023-07-03,138653.0,157007.0,18354.0,13.237362336191788,47280.0,21046.0,-26234.0,55.48646362098138,6540.0,14419.0,7879.0,120.47400611620796,17489.0,19036.550046336302,63.06594402446037,27.259407813043907
1011,2023-07-03,138653.0,156783.0,18130.0,13.075807952226059,47280.0,21114.0,-26166.0,55.34263959390863,6540.0,14574.0,8034.0,122.8440366972477,17443.333333333332,18955.224539248626,63.754161414460796,27.188228998353015
1012,2023-07-03,138653.0,156889.0,18236.0,13.152257794638414,47280.0,20995.0,-26285.0,55.594331641285955,6540.0,14585.0,8045.0,123.01223241590213,17522.0,19045.34016498524,63.91960728394217,27.310843598842432
1013,2023-07-03,138653.0,156795.0,18142.0,13.084462651367081,47280.0,21070.0,-26210.0,55.435702199661584,6540.0,14607.0,8067.0,123.34862385321101,17473.0,18983.964750985677,63.95626290141322,27.2344692502325
1014,2023-07-03,138653.0,157091.0,18438.0,13.297945230178938,47280.0,20748.0,-26532.0,56.11675126903554,6540.0,14631.0,8091.0,123.71559633027522,17687.0,19229.93455527085,64.37676427649657,27.568022527835073
1015,2023-07-03,138653.0,156962.0,18309.0,13.204907214412959,47280.0,20892.0,-26388.0,55.81218274111676,6540.0,14616.0,8076.0,123.4862385321101,17591.0,19120.38877742814,64.1677761625466,27.41839115096663
1016,2023-07-03,138653.0,156991.0,18338.0,13.225822737337092,47280.0,20858.0,-26422.0,55.884094754653134,6540.0,14621.0,8081.0,123.56269113149847,17613.666666666668,19145.990781362034,64.22420287449623,27.453720781616127
1017,2023-07-03,138653.0,157124.0,18471.0,13.321745652816745,47280.0,20769.0,-26511.0,56.07233502538072,6540.0,14578.0,8038.0,122.90519877675841,17673.333333333332,19223.426732331915,64.09975981831863,27.546720838766998
1018,2023-07-03,138653.0,156990.0,18337.0,13.225101512408674,47280.0,20730.0,-26550.0,56.15482233502538,6540.0,14748.0,8208.0,125.5045871559633,17698.333333333332,19222.550411777655,64.96150366779912,27.58568734315982
1019,2023-07-03,138653.0,157110.0,18457.0,13.311648503818885,47280.0,20849.0,-26431.0,55.903130287648054,6540.0,14512.0,7972.0,121.89602446483181,17620.0,19172.996583737244,63.703601085432915,27.463592296062306
1020,2023-07-03,138653.0,156854.0,18201.0,13.127014922143768,47280.0,20846.0,-26434.0,55.90947546531303,6540.0,14771.0,8231.0,125.85626911314985,17622.0,19129.22822977097,64.96425316686889,27.46670961641373
1021,2023-07-03,138653.0,157152.0,18499.0,13.34193995081246,47280.0,20918.0,-26362.0,55.75719120135364,6540.0,14402.0,7862.0,120.21406727828744,17574.333333333332,19139.654202727907,63.104399476817854,27.392413481371413
1022,2023-07-03,138653.0,156869.0,18216.0,13.137833296070045,47280.0,20926.0,-26354.0,55.74027072758037,6540.0,14675.0,8135.0,124.38837920489296,17568.333333333332,19083.450046222424,64.42216107618113,27.38306152031714
1023,2023-07-03,138653.0,156935.0,18282.0,13.185434141345661,47280.0,20978.0,-26302.0,55.63028764805414,6540.0,14556.0,8016.0,122.56880733944955,17533.333333333332,19063.778778965447,63.794843042949786,27.328508414167178
1024,2023-07-03,138653.0,157021.0,18368.0,13.247459485189648,47280.0,20956.0,-26324.0,55.67681895093063,6540.0,14494.0,7954.0,121.62079510703363,17548.666666666668,19092.778006356224,63.515024514384635,27.352407870194778
1025,2023-07-03,138653.0,156529.0,17876.0,12.892616820407781,47280.0,21250.0,-26030.0,55.05499153976311,6540.0,14688.0,8148.0,124.58715596330275,17351.333333333332,18828.189681078387,64.17825477449121,27.044832262187423
1026,2023-07-03,138653.0,156828.0,18175.0,13.108263074004888,47280.0,20993.0,-26287.0,55.59856175972927,6540.0,14650.0,8110.0,124.00611620795108,17524.0,19036.010558938025,64.23764701389509,27.313960919193864
1027,2023-07-03,138653.0,156939.0,18286.0,13.188319041059335,47280.0,20915.0,-26365.0,55.76353637901861,6540.0,14619.0,8079.0,123.53211009174312,17576.666666666668,19102.890374670184,64.16132183727369,27.396050355114742
1028,2023-07-03,138653.0,157136.0,18483.0,13.330400351957767,47280.0,20727.0,-26553.0,56.161167512690355,6540.0,14607.0,8067.0,123.34862385321101,17701.0,19250.624119752585,64.28006390595304,27.589843770295055
1029,2023-07-03,138653.0,156965.0,18312.0,13.207070889198214,47280.0,21016.0,-26264.0,55.54991539763113,6540.0,14489.0,7949.0,121.54434250764525,17508.333333333332,19046.55385277522,63.43377626482486,27.289541909774357
1030,2023-07-03,138653.0,157139.0,18486.0,13.332564026743022,47280.0,20763.0,-26517.0,56.08502538071066,6540.0,14571.0,8031.0,122.79816513761467,17678.0,19230.01513259935,64.07191818168945,27.553994586253655
1001,2023-09-06,319545.0,336335.0,16790.0,5.254346023251811,63808.0,44511.0,-19297.0,30.242289368104313,28983.0,31487.0,2504.0,8.639547320843253,12863.666666666666,14838.557039011577,14.71206090406646,9.359114896589189
1002,2023-09-06,319545.0,336243.0,16698.0,5.225555086138103,63808.0,44837.0,-18971.0,29.731381644934807,28983.0,31253.0,2270.0,7.832177483352309,12646.333333333334,14650.084698276207,14.263038071475073,9.200991424469365
1003,2023-09-06,319545.0,336359.0,16814.0,5.261856702498865,63808.0,44484.0,-19324.0,30.2846038114343,28983.0,31487.0,2504.0,8.639547320843253,12880.666666666666,14859.313443090161,14.728669278258808,9.371483450389974
1004,2023-09-06,319545.0,336189.0,16644.0,5.20865605783223,63808.0,44646.0,-19162.0,30.03071715145436,28983.0,31496.0,2513.0,8.670600006900598,12773.0,14725.489793778224,14.636657738729062,9.293149276318342
1005,2023-09-06,319545.0,335972.0,16427.0,5.140746999640113,63808.0,44933.0,-18875.0,29.58093029087262,28983.0,31429.0,2446.0,8.439430010695926,12582.666666666666,14515.450044693758,14.387035767069554,9.154669977882115
1006,2023-09-06,319545.0,336394.0,16849.0,5.27280977640082,63808.0,44603.0,-19205.0,30.098106820461386,28983.0,31337.0,2354.0,8.122002553220854,12802.666666666666,14812.856375459798,14.497639716694351,9.314733615304025
1007,2023-09-06,319545.0,336627.0,17082.0,5.345725954090973,63808.0,44435.0,-19373.0,30.361396690070208,28983.0,31270.0,2287.0,7.890832557016182,12914.0,14970.395474624798,14.532651733725787,9.39573551666602
1008,2023-09-06,319545.0,336405.0,16860.0,5.276252171055719,63808.0,44568.0,-19240.0,30.15295887662989,28983.0,31361.0,2378.0,8.204809716040437,12826.0,14833.431655104852,14.544673587908683,9.331710061697256
1009,2023-09-06,319545.0,336551.0,17006.0,5.321942136475301,63808.0,44472.0,-19336.0,30.303410230692073,28983.0,31311.0,2328.0,8.032294793499638,12890.0,14927.653488297035,14.552549053555671,9.378274028947265
1010,2023-09-06,319545.0,336193.0,16648.0,5.209907837706739,63808.0,44808.0,-19000.0,29.77683049147442,28983.0,31330.0,2347.0,8.097850464065141,12665.0,14647.68824763826,14.361529597748767,9.214572581583951
1011,2023-09-06,319545.0,336063.0,16518.0,5.169224991785194,63808.0,45069.0,-18739.0,29.367790872617856,28983.0,31203.0,2220.0,7.65966256081151,12492.333333333334,14478.98298684453,14.065559475071518,9.08894687827403
1012,2023-09-06,319545.0,335828.0,16283.0,5.095682924157787,63808.0,45034.0,-18774.0,29.42264292878636,28983.0,31469.0,2486.0,8.577441948728564,12514.333333333334,14419.655116079117,14.365255933890902,9.10495324201622
1013,2023-09-06,319545.0,336488.0,16943.0,5.302226603451783,63808.0,44770.0,-19038.0,29.836384152457374,28983.0,31076.0,2093.0,7.221474657557879,12691.333333333334,14763.59646788907,14.12002847115568,9.233731713942028
1014,2023-09-06,319545.0,336044.0,16499.0,5.163279037381276,63808.0,44887.0,-18921.0,29.653021564694082,28983.0,31399.0,2416.0,8.335921057171445,12612.0,14560.88708378259,14.384073886415601,9.176011796205037
1015,2023-09-06,319545.0,336365.0,16820.0,5.263734372310629,63808.0,44768.0,-19040.0,29.839518555667,28983.0,31202.0,2219.0,7.656212262360694,12693.0,14723.65399620624,14.253155063446107,9.234944317255831
1016,2023-09-06,319545.0,335965.0,16420.0,5.138556384859722,63808.0,45028.0,-18780.0,29.432046138415245,28983.0,31340.0,2357.0,8.132353448573301,12519.0,14466.74634002638,14.234318657282754,9.108348531294865
1017,2023-09-06,319545.0,336187.0,16642.0,5.208030167894976,63808.0,45006.0,-18802.0,29.466524573721166,28983.0,31138.0,2155.0,7.43539316150847,12533.0,14550.090412090229,14.036649301041537,9.118534399130807
1018,2023-09-06,319545.0,336158.0,16613.0,5.198954763804784,63808.0,44821.0,-18987.0,29.756456870611835,28983.0,31354.0,2371.0,8.180657626884726,12657.0,14630.101150254111,14.378689753767116,9.2087520856777
1019,2023-09-06,319545.0,335989.0,16444.0,5.146067064106777,63808.0,44992.0,-18816.0,29.488465396188566,28983.0,31353.0,2370.0,8.177207328433909,12543.333333333334,14492.11155537154,14.270579929576419,9.12605253967638
1020,2023-09-06,319545.0,336137.0,16592.0,5.192382919463612,63808.0,44818.0,-18990.0,29.76115847542628,28983.0,31378.0,2395.0,8.26346478970431,12659.0,14624.757422489669,14.405668728198068,9.210207209654262
1021,2023-09-06,319545.0,336533.0,16988.0,5.31630912704001,63808.0,44596.0,-19212.0,30.109077231695085,28983.0,31204.0,2221.0,7.663112859262326,12807.0,14861.87436586202,14.362833072665806,9.31788638391991
1022,2023-09-06,319545.0,336131.0,16586.0,5.1905052496518485,63808.0,44618.0,-19190.0,30.074598796389168,28983.0,31586.0,2603.0,8.981126867474035,12793.0,14721.040554254309,14.748743637838352,9.30770051608397
1023,2023-09-06,319545.0,336128.0,16583.0,5.1895664147459675,63808.0,45088.0,-18720.0,29.33801404212638,28983.0,31119.0,2136.0,7.369837490942967,12479.666666666666,14491.339770129376,13.965805982605103,9.079731093089132
1024,2023-09-06,319545.0,336056.0,16511.0,5.167034377004804,63808.0,44986.0,-18822.0,29.49786860581745,28983.0,31288.0,2305.0,7.9529379291308695,12546.0,14516.586260779999,14.205946970651043,9.127992704978464
1025,2023-09-06,319545.0,335919.0,16374.0,5.124160916302868,63808.0,45076.0,-18732.0,29.356820461384153,28983.0,31336.0,2353.0,8.118552254770037,12486.333333333334,14428.355288574418,14.199844544152354,9.08458150634434
1026,2023-09-06,319545.0,336249.0,16704.0,5.227432755949867,63808.0,44798.0,-19010.0,29.792502507522567,28983.0,31285.0,2302.0,7.9425870337784215,12672.0,14670.865914003394,14.320840765750283,9.219665515501921
1027,2023-09-06,319545.0,336360.0,16815.0,5.262169647467493,63808.0,44697.0,-19111.0,29.950789869608823,28983.0,31277.0,2294.0,7.914984646171893,12740.0,14756.207529940295,14.375981387749404,9.269139730705056
1028,2023-09-06,319545.0,336470.0,16925.0,5.2965935940164925,63808.0,44613.0,-19195.0,30.08243480441324,28983.0,31248.0,2265.0,7.81492599109823,12795.0,14832.777611312948,14.39798479650932,9.309155640060533
1029,2023-09-06,319545.0,335933.0,16388.0,5.12854214586365,63808.0,45114.0,-18694.0,29.297266800401207,28983.0,31280.0,2297.0,7.925335541524342,12459.666666666666,14414.210453576707,14.117048162596399,9.065179853323503
1030,2023-09-06,319545.0,336524.0,16979.0,5.313492622322364,63808.0,44780.0,-19028.0,29.820712136409227,28983.0,31029.0,2046.0,7.059310630369526,12684.333333333334,14770.887368965572,14.064505129700372,9.228638780024058
