Day,Date,Ouaddai sim,Ouaddai data,Ouaddai error,Sila sim,Sila data,Sila error,Wadi_Fira sim,Wadi_Fira data,Wadi_Fira error,Total error,refugees in camps (UNHCR),total refugees (simulation),raw UNHCR refugee count,refugees in camps (simulation),refugee_debt
0,2023-04-15,0,0,0.0,0,0,0.0,0,0,0.0,0.0,0,0,0,0,0
1,2023-04-16,900,1755,0.4872,883,598,0.4766,652,82,6.9512,0.702258726899384,2435,2435,2435,2435,0
2,2023-04-17,1786,3510,0.4912,1765,1196,0.4758,1317,165,6.9818,0.7072469718743585,4871,4871,4871,4868,0
3,2023-04-18,2651,5265,0.4965,2646,1795,0.4741,2007,248,7.0927,0.7148330596606459,7308,7308,7308,7304,0
4,2023-04-19,3535,7020,0.4964,3528,2393,0.4743,2676,331,7.0846,0.7147988505747126,9744,9744,9744,9739,0
5,2023-04-20,4363,8775,0.5028,4433,2992,0.4816,3381,413,7.1864,0.7242200328407224,12180,12180,12180,12177,0
6,2023-04-21,5234,10530,0.5029,5305,3590,0.4777,4076,496,7.2177,0.7246168582375478,14616,14616,14616,14615,0
7,2023-04-22,6085,12285,0.5047,6228,4189,0.4868,4738,579,7.1831,0.7270275024922301,17053,17053,17053,17051,0
8,2023-04-23,6990,14040,0.5021,7118,4787,0.4869,5378,662,7.1239,0.7233311098568423,19489,19489,19489,19486,0
9,2023-04-24,7877,15795,0.5013,7996,5386,0.4846,6049,745,7.1195,0.7220651281583508,21926,21926,21926,21922,0
10,2023-04-25,8769,17551,0.5004,8850,5984,0.4789,6738,827,7.1475,0.7207536327066744,24362,24362,24362,24357,0
11,2023-04-26,9659,19306,0.4997,9794,6583,0.4878,7344,910,7.0703,0.7198776073734094,26799,26799,26799,26797,0
12,2023-04-27,10543,21061,0.4994,10706,7181,0.4909,7981,993,7.0373,0.7193774585257396,29235,29235,29235,29230,0
13,2023-04-28,11434,22816,0.4989,11564,7780,0.4864,8670,1076,7.0576,0.718615812073756,31672,31672,31672,31668,0
14,2023-04-29,12316,24571,0.4988,12437,8378,0.4845,9349,1158,7.0734,0.7184742135045592,34107,34107,34107,34102,0
15,2023-04-30,13199,26326,0.4986,13334,8977,0.4854,10006,1241,7.0629,0.7182848073555166,36544,36544,36544,36539,0
16,2023-05-01,14109,28081,0.4976,14205,9575,0.4836,10661,1324,7.0521,0.7167521806054387,38980,38980,38980,38975,0
17,2023-05-02,15044,29836,0.4958,15051,10174,0.4794,11320,1407,7.0455,0.7142477726537412,41417,41417,41417,41415,0
18,2023-05-03,15940,31591,0.4954,15925,10772,0.4784,11982,1490,7.0416,0.7136569903997446,43853,43853,43853,43847,0
19,2023-05-04,16861,33346,0.4944,16793,11371,0.4768,12630,1572,7.0344,0.7121562358227657,46289,46289,46289,46284,0
20,2023-05-05,17781,35102,0.4934,17648,11969,0.4745,13292,1655,7.0314,0.7108525222673726,48726,48726,48726,48721,0
21,2023-05-06,18662,36857,0.4937,18544,12568,0.4755,13956,1738,7.0299,0.7112366358501261,51163,51163,51163,51162,0
22,2023-05-07,19576,38612,0.493,19401,13166,0.4736,14611,1821,7.0236,0.7101065318382805,53599,53599,53599,53588,0
23,2023-05-08,20501,40367,0.4921,20288,13765,0.4739,15244,1904,7.0063,0.7089906488685844,56036,56036,56036,56033,0
24,2023-05-09,21402,42122,0.4919,21191,14363,0.4754,15873,1986,6.9924,0.7086418908518752,58471,58471,58471,58466,0
25,2023-05-10,22322,43877,0.4913,22072,14962,0.4752,16505,2069,6.9773,0.7076410323766993,60908,60908,60908,60899,0
26,2023-05-11,23239,45632,0.4907,22931,15560,0.4737,17169,2152,6.9782,0.706949355897954,63344,63344,63344,63339,0
27,2023-05-12,24145,47387,0.4905,23788,16158,0.4722,17842,2235,6.983,0.7065825478868957,65780,65780,65780,65775,0
28,2023-05-13,25012,49142,0.491,24691,16757,0.4735,18507,2317,6.9875,0.7073707048199835,68216,68216,68216,68210,0
29,2023-05-14,25883,50897,0.4915,25590,17355,0.4745,19176,2400,6.99,0.7080478967332843,70652,70652,70652,70649,0
30,2023-05-15,26761,52653,0.4917,26527,17954,0.4775,19797,2483,6.973,0.7084279655219592,73090,73090,73090,73085,0
31,2023-05-16,27617,54408,0.4924,27432,18552,0.4787,20472,2566,6.9782,0.7093848476021503,75526,75526,75526,75521,0
32,2023-05-17,28473,56163,0.493,28347,19151,0.4802,21135,2649,6.9785,0.710234341931429,77963,77963,77963,77955,0
33,2023-05-18,29428,57918,0.4919,29200,19749,0.4786,21760,2731,6.9678,0.708599716410856,80398,80398,80398,80388,0
34,2023-05-19,30361,59673,0.4912,30092,20348,0.4789,22373,2814,6.9506,0.7076115168708879,82835,82835,82835,82826,0
35,2023-05-20,31264,61428,0.491,30971,20946,0.4786,23024,2897,6.9475,0.7073448182852318,85271,85271,85271,85259,0
36,2023-05-21,32140,63183,0.4913,31923,21545,0.4817,23636,2980,6.9315,0.7077689606421307,87708,87708,87708,87699,0
37,2023-05-22,32994,64938,0.4919,32823,22143,0.4823,24323,3063,6.9409,0.7086883209087682,90144,90144,90144,90140,0
38,2023-05-23,33919,66693,0.4914,33697,22742,0.4817,24958,3145,6.9358,0.7079498811838411,92580,92580,92580,92574,0
39,2023-05-24,34780,68448,0.4919,34580,23340,0.4816,25652,3228,6.9467,0.7086385450871432,95016,95016,95016,95012,0
40,2023-05-25,35664,70204,0.492,35435,23939,0.4802,26341,3311,6.9556,0.708703593490262,97454,97454,97454,97440,0
41,2023-05-26,36580,71959,0.4917,36306,24537,0.4796,26990,3394,6.9523,0.7082190409450395,99890,99890,99890,99876,0
42,2023-05-27,37472,73714,0.4917,37224,25136,0.4809,27621,3476,6.9462,0.7082755116001798,102326,102326,102326,102317,0
43,2023-05-28,38340,75469,0.492,38121,25734,0.4813,28287,3559,6.948,0.7086920830071972,104762,104762,104762,104748,0
44,2023-05-29,39211,77224,0.4922,39036,26333,0.4824,28940,3642,6.9462,0.7090924355637646,107199,107199,107199,107187,0
45,2023-05-30,40127,78979,0.4919,39901,26931,0.4816,29603,3725,6.9471,0.7087152825283897,109635,109635,109635,109631,0
46,2023-05-31,41007,80734,0.4921,40779,27530,0.4813,30279,3808,6.9514,0.7088924976800628,112072,112072,112072,112065,0
47,2023-06-01,41878,82489,0.4923,41666,28128,0.4813,30953,3890,6.9571,0.709231750024016,114507,114507,114507,114497,0
48,2023-06-02,42741,84244,0.4927,42606,28727,0.4831,31589,3973,6.9509,0.7097243124914488,116944,116944,116944,116936,0
49,2023-06-03,43645,85999,0.4925,43490,29325,0.483,32233,4056,6.947,0.7094655721226336,119380,119380,119380,119368,0
50,2023-06-04,44545,87755,0.4924,44384,29924,0.4832,32880,4139,6.9439,0.7093450885747591,121818,121818,121818,121809,0
51,2023-06-05,45456,89510,0.4922,45258,30522,0.4828,33527,4222,6.941,0.7089912598387175,124254,124254,124254,124241,0
52,2023-06-06,46361,91265,0.492,46125,31121,0.4821,34188,4304,6.9433,0.7087536506433025,126690,126690,126690,126674,0
53,2023-06-07,47267,93020,0.4919,47000,31719,0.4818,34852,4387,6.9444,0.7086024503198426,129126,129126,129126,129119,0
54,2023-06-08,48133,94775,0.4921,47918,32317,0.4827,35502,4470,6.9423,0.708981316793603,131562,131562,131562,131553,0
55,2023-06-09,49032,96530,0.4921,48767,32916,0.4816,36189,4553,6.9484,0.7088485734968172,133999,133999,133999,133988,0
56,2023-06-10,49918,98285,0.4921,49649,33514,0.4814,36857,4635,6.9519,0.7089435184777988,136434,136434,136434,136424,0
57,2023-06-11,50819,100040,0.492,50545,34113,0.4817,37492,4718,6.9466,0.7087656890207459,138871,138871,138871,138856,0
58,2023-06-12,51697,101795,0.4921,51436,34711,0.4818,38163,4801,6.949,0.7089882312978125,141307,141307,141307,141296,0
59,2023-06-13,52589,103550,0.4921,52308,35310,0.4814,38830,4884,6.9505,0.7089339381121995,143744,143744,143744,143727,0
60,2023-06-14,53474,105306,0.4922,53191,35908,0.4813,39502,4967,6.9529,0.7090524760399778,146181,146181,146181,146167,0
61,2023-06-15,54377,107061,0.4921,54074,36507,0.4812,40146,5049,6.9513,0.7088556490845597,148617,148617,148617,148597,0
62,2023-06-16,55290,108816,0.4919,54925,37105,0.4803,40822,5132,6.9544,0.7085989685739442,151053,151053,151053,151037,0
63,2023-06-17,56178,110571,0.4919,55824,37704,0.4806,41474,5215,6.9528,0.7086585445305883,153490,153490,153490,153476,0
64,2023-06-18,57095,112326,0.4917,56695,38302,0.4802,42123,5298,6.9507,0.7083424188397061,155926,155926,155926,155913,0
65,2023-06-19,57993,114081,0.4917,57565,38901,0.4798,42793,5381,6.9526,0.7082715028131571,158363,158363,158363,158351,0
66,2023-06-20,58918,115836,0.4914,58442,39499,0.4796,43415,5463,6.9471,0.7078010920533837,160798,160798,160798,160775,0
67,2023-06-21,59807,117591,0.4914,59318,40098,0.4793,44097,5546,6.9511,0.7079057800104145,163235,163235,163235,163222,0
68,2023-06-22,60728,119346,0.4912,60202,40696,0.4793,44725,5629,6.9455,0.7075468850915368,165671,165671,165671,165655,0
69,2023-06-23,61660,121101,0.4908,61047,41295,0.4783,45391,5712,6.9466,0.7071168534513527,168108,168108,168108,168098,0
70,2023-06-24,62574,122857,0.4907,61902,41893,0.4776,46044,5794,6.9468,0.706808800075054,170544,170544,170544,170520,0
71,2023-06-25,63523,124612,0.4902,62779,42492,0.4774,46664,5877,6.9401,0.7062220706320347,172981,172981,172981,172966,0
72,2023-06-26,64409,126367,0.4903,63699,43090,0.4783,47298,5960,6.9359,0.7063454511250334,175417,175417,175417,175406,0
73,2023-06-27,65314,128122,0.4902,64555,43689,0.4776,47970,6043,6.9381,0.7062028405321219,177854,177854,177854,177839,0
74,2023-06-28,66228,129877,0.4901,65457,44287,0.478,48592,6126,6.9321,0.7060014421210272,180290,180290,180290,180277,0
75,2023-06-29,67129,131632,0.49,66337,44886,0.4779,49246,6208,6.9327,0.705931285093528,182726,182726,182726,182712,0
76,2023-06-30,68041,133387,0.4899,67193,45484,0.4773,49920,6291,6.9351,0.7057819639018805,185162,185162,185162,185154,0
77,2023-07-01,68933,135142,0.4899,68115,46083,0.4781,50538,6374,6.9288,0.705787344282219,187599,187599,187599,187586,0
78,2023-07-02,69828,136897,0.4899,68973,46681,0.4775,51219,6457,6.9323,0.7057805141158208,190035,190035,190035,190020,0
79,2023-07-03,70704,138653,0.4901,69876,47280,0.4779,51877,6540,6.9323,0.7059795399874268,192473,192473,192473,192457,0
80,2023-07-04,71879,141435,0.4918,71175,47534,0.4973,52791,6885,6.6675,0.7102382386880023,195854,195854,195854,195845,0
81,2023-07-05,73127,144218,0.4929,72429,47788,0.5156,53661,7230,6.422,0.7135407255716838,199236,199236,199236,199217,0
82,2023-07-06,74308,147001,0.4945,73715,48042,0.5344,54581,7575,6.2054,0.7174683394367727,202618,202618,202618,202604,0
83,2023-07-07,75555,149784,0.4956,74961,48297,0.5521,55476,7921,6.0037,0.7206143629673498,206002,206002,206002,205992,0
84,2023-07-08,76783,152567,0.4967,76176,48551,0.569,56404,8266,5.8236,0.7237754556222061,209384,209384,209384,209363,0
85,2023-07-09,77992,155350,0.498,77396,48805,0.5858,57356,8611,5.6608,0.7270616545876691,212766,212766,212766,212744,0
86,2023-07-10,79237,158133,0.4989,78629,49059,0.6027,58270,8956,5.5063,0.72996280326443,216148,216148,216148,216136,0
87,2023-07-11,80462,160916,0.5,79865,49314,0.6195,59189,9302,5.363,0.7328863218118543,219532,219532,219532,219516,0
88,2023-07-12,81682,163699,0.501,81132,49568,0.6368,60085,9647,5.2284,0.7357949702575881,222914,222914,222914,222899,0
89,2023-07-13,82949,166482,0.5018,82374,49822,0.6534,60957,9992,5.1006,0.7381924558984693,226296,226296,226296,226280,0
90,2023-07-14,84180,169265,0.5027,83564,50077,0.6687,61916,10338,4.9892,0.7408133054684779,229680,229680,229680,229660,0
91,2023-07-15,85402,172048,0.5036,84842,50331,0.6857,62800,10683,4.8785,0.7434674035235259,233062,233062,233062,233044,0
92,2023-07-16,86649,174831,0.5044,86049,50585,0.7011,63729,11028,4.7788,0.7458298793794725,236444,236444,236444,236427,0
93,2023-07-17,87897,177614,0.5051,87240,50839,0.716,64662,11373,4.6856,0.7480715185175919,239826,239826,239826,239799,0
94,2023-07-18,89128,180397,0.5059,88430,51094,0.7307,65626,11719,4.6,0.7504296698326549,243210,243210,243210,243184,0
95,2023-07-19,90393,183180,0.5065,89664,51348,0.7462,66506,12064,4.5128,0.7524372242408512,246592,246592,246592,246563,0
96,2023-07-20,91661,185963,0.5071,90848,51602,0.7606,67444,12409,4.4351,0.7544104586877035,249974,249974,249974,249953,0
97,2023-07-21,92903,188746,0.5078,92082,51856,0.7757,68358,12754,4.3597,0.7565362572822432,253356,253356,253356,253343,0
98,2023-07-22,94117,191529,0.5086,93344,52111,0.7913,69245,13100,4.2859,0.7587053049777985,256740,256740,256740,256706,0
99,2023-07-23,95339,194312,0.5094,94605,52365,0.8066,70153,13445,4.2178,0.7608775882086098,260122,260122,260122,260097,0
100,2023-07-24,96590,197095,0.5099,95795,52619,0.8205,71100,13790,4.1559,0.7627626146092659,263504,263504,263504,263485,0
101,2023-07-25,97866,199877,0.5104,96991,52874,0.8344,72004,14136,4.0937,0.7643534529594922,266887,266887,266887,266861,0
102,2023-07-26,99118,202660,0.5109,98184,53128,0.8481,72943,14481,4.0372,0.7661256007903238,270269,270269,270269,270245,0
103,2023-07-27,100381,205443,0.5114,99385,53382,0.8618,73866,14826,3.9822,0.7677845138515846,273651,273651,273651,273632,0
104,2023-07-28,101622,208226,0.512,100573,53636,0.8751,74823,15171,3.932,0.7695581392830457,277033,277033,277033,277018,0
105,2023-07-29,102906,211009,0.5123,101798,53891,0.889,75696,15517,3.8783,0.7709553985671339,280417,280417,280417,280400,0
106,2023-07-30,104166,213792,0.5128,102974,54145,0.9018,76624,15862,3.8307,0.7724375350159797,283799,283799,283799,283764,0
107,2023-07-31,105400,216575,0.5133,104153,54399,0.9146,77611,16207,3.7887,0.7741911895285551,287181,287181,287181,287164,0
108,2023-08-01,106637,219358,0.5139,105391,54654,0.9283,78526,16553,3.7439,0.775836731884432,290565,290565,290565,290554,0
109,2023-08-02,107916,222141,0.5142,106594,54908,0.9413,79412,16898,3.6995,0.7770958710243684,293947,293947,293947,293922,0
110,2023-08-03,109117,224924,0.5149,107832,55162,0.9548,80350,17243,3.6599,0.7788813065661271,297329,297329,297329,297299,0
111,2023-08-04,110356,227707,0.5154,108995,55416,0.9669,81340,17588,3.6247,0.7804237290953773,300711,300711,300711,300691,0
112,2023-08-05,111594,230490,0.5158,110189,55671,0.9793,82277,17934,3.5878,0.78185106627863,304095,304095,304095,304060,0
113,2023-08-06,112840,233273,0.5163,111407,55925,0.9921,83207,18279,3.5521,0.78328785567701,307477,307477,307477,307454,0
114,2023-08-07,114092,236056,0.5167,112615,56179,1.0046,84126,18624,3.5171,0.7846065257882191,310859,310859,310859,310833,0
115,2023-08-08,115304,238839,0.5172,113883,56433,1.018,85040,18969,3.4831,0.7861991274213104,314241,314241,314241,314227,0
116,2023-08-09,116493,241622,0.5179,115110,56688,1.0306,85989,19315,3.4519,0.7878000787091696,317625,317625,317625,317592,0
117,2023-08-10,117767,244405,0.5181,116348,56942,1.0433,86854,19660,3.4178,0.7888862236649045,321007,321007,321007,320969,0
118,2023-08-11,118982,247188,0.5187,117561,57196,1.0554,87820,20005,3.3899,0.790365887869194,324389,324389,324389,324363,0
119,2023-08-12,120245,249971,0.519,118732,57451,1.0667,88770,20351,3.3619,0.7914806893795401,327773,327773,327773,327747,0
120,2023-08-13,121507,252754,0.5193,119947,57705,1.0786,89677,20696,3.3331,0.7925895728586312,331155,331155,331155,331131,0
121,2023-08-14,122724,255537,0.5197,121199,57959,1.0911,90590,21041,3.3054,0.7939390859605963,334537,334537,334537,334513,0
122,2023-08-15,123930,258320,0.5202,122458,58213,1.1036,91498,21386,3.2784,0.7953000571142789,337919,337919,337919,337886,0
123,2023-08-16,125123,261102,0.5208,123744,58468,1.1164,92413,21732,3.2524,0.7967606401368875,341302,341302,341302,341280,0
124,2023-08-17,126351,263885,0.5212,124955,58722,1.1279,93348,22077,3.2283,0.7979424632416938,344684,344684,344684,344654,0
125,2023-08-18,127659,266668,0.5213,126173,58976,1.1394,94212,22422,3.2018,0.7986876052242965,348066,348066,348066,348044,0
126,2023-08-19,128859,269451,0.5218,127423,59231,1.1513,95141,22768,3.1787,0.7999914639351259,351450,351450,351450,351423,0
127,2023-08-20,130148,272234,0.5219,128596,59485,1.1618,96053,23113,3.1558,0.8007648690084321,354832,354832,354832,354797,0
128,2023-08-21,131388,275017,0.5223,129806,59739,1.1729,96987,23458,3.1345,0.8018251659622461,358214,358214,358214,358181,0
129,2023-08-22,132629,277800,0.5226,131003,59993,1.1836,97932,23803,3.1143,0.802857332492616,361596,361596,361596,361564,0
130,2023-08-23,133878,280583,0.5229,132237,60248,1.1949,98832,24149,3.0926,0.8038166474875336,364980,364980,364980,364947,0
131,2023-08-24,135157,283366,0.523,133480,60502,1.2062,99692,24494,3.0701,0.8046025377210462,368362,368362,368362,368329,0
132,2023-08-25,136381,286149,0.5234,134685,60756,1.2168,100651,24839,3.0521,0.8056861711285186,371744,371744,371744,371717,0
133,2023-08-26,137628,288932,0.5237,135909,61010,1.2277,101556,25184,3.0326,0.8065956505280892,375126,375126,375126,375093,0
134,2023-08-27,138911,291715,0.5238,137133,61265,1.2384,102431,25530,3.0122,0.8073049589178621,378510,378510,378510,378475,0
135,2023-08-28,140139,294498,0.5241,138399,61519,1.2497,103315,25875,2.9929,0.8082887308453699,381892,381892,381892,381853,0
136,2023-08-29,141365,297281,0.5245,139561,61773,1.2593,104316,26220,2.9785,0.809294164672415,385274,385274,385274,385242,0
137,2023-08-30,142624,300064,0.5247,140795,62028,1.2699,105209,26566,2.9603,0.8100952508374972,388658,388658,388658,388628,0
138,2023-08-31,143865,302847,0.525,141995,62282,1.2799,106151,26911,2.9445,0.8109759208244057,392040,392040,392040,392011,0
139,2023-09-01,145093,305630,0.5253,143240,62536,1.2905,107060,27256,2.9279,0.8119047498621725,395422,395422,395422,395393,0
140,2023-09-02,146389,308413,0.5253,144412,62790,1.2999,107972,27601,2.9119,0.8124717906540556,398804,398804,398804,398773,0
141,2023-09-03,147639,311196,0.5256,145628,63045,1.3099,108887,27947,2.8962,0.8132515142172317,402188,402188,402188,402154,0
142,2023-09-04,148913,313979,0.5257,146844,63299,1.3198,109782,28292,2.8803,0.8139186823482999,405570,405570,405570,405539,0
143,2023-09-05,150164,316762,0.5259,148039,63553,1.3294,110716,28637,2.8662,0.8146750718910777,408952,408952,408952,408919,0
144,2023-09-06,151337,319545,0.5264,149271,63808,1.3394,111692,28983,2.8537,0.8157910053936596,412336,412336,412336,412300,0
